protein	logFC	adj.P.Val
P0_00	0.10184405244746426	0.4945505199432102
P0_01	-0.6390106673758242	0.7034410209105976
P0_02	-0.0011346321727762046	0.8817741074534745
P0_03	0.029052173404877445	0.36663423435079834
P0_04	0.2516259767275343	0.7659447252765811
P0_05	-0.7824438394211404	0.39502495375919944
P0_06	1.3517343600393732	0.536774128944205
P0_07	0.28748352445129316	0.8911557918138047
P0_08	-0.03092932975216233	0.629316035677781
P0_09	-0.14710982550813223	0.6078070105838906
P0_10	-0.3077011696179266	0.15396897495343798
P0_11	0.012760019802122904	0.8874876218971983
P0_12	-0.39755747732595	0.8903433386109236
P0_13	-0.23138152776502838	0.6694460138238856
P0_14	-0.1446834393630547	0.9889176394002088
P0_15	0.6378561135757409	0.7328400714277562
P0_16	0.2794840875152477	0.4587592879688721
P0_17	0.32187083349448026	0.6723916234148881
P0_18	0.19500370053918128	0.0924864199945612
P0_19	-0.7000801498160228	0.48747252102725025
P0_20	-1.9679084506719455	0.8978793986980167
P0_21	0.33510144978872897	0.13670033609221455
P0_22	-0.988016375980739	0.5015640147221506
P0_23	-0.13450278493372778	0.42211187042603493
P1_00	1.5	0.001
P1_01	1.5	0.001
P1_02	1.5	0.001
P1_03	1.5	0.001
P1_04	1.5	0.001
P1_05	1.5	0.001
P1_06	1.5	0.001
P1_07	1.5	0.001
P1_08	1.5	0.001
P1_09	1.5	0.001
P1_10	1.5	0.001
P1_11	1.5	0.001
P1_12	1.5	0.001
P1_13	1.5	0.001
P1_14	1.5	0.001
P1_15	1.5	0.001
P1_16	1.5	0.001
P1_17	1.5	0.001
P1_18	1.5	0.001
P1_19	1.5	0.001
P1_20	1.5	0.001
P1_21	1.5	0.001
P1_22	1.5	0.001
P1_23	1.5	0.001
P2_00	-0.2437024836582437	0.3110325583356184
P2_01	0.953432742276435	0.893326472625497
P2_02	-0.32055746472026686	0.021889555191099475
P2_03	-1.4242680393327527	0.47934366205858425
P2_04	-0.10596237203736894	0.6220156645756797
P2_05	-0.49674903255204056	0.45337706457916227
P2_06	-0.3209073220051365	0.7384686392493901
P2_07	0.5589851359536474	0.7762719205764651
P2_08	-0.37972269931309127	0.6114513812829421
P2_09	0.16118637235707428	0.7837057197738548
P2_10	0.25767760979432275	0.6811997095782812
P2_11	0.5344830826851561	0.7694952122332167
P2_12	-0.4833969566857481	0.40986093859925676
P2_13	-0.07091627147257612	0.5198963727720509
P2_14	-0.05059589753679975	0.627926751542704
P2_15	-0.5550955278275236	0.06657626617141177
P2_16	-0.4242636384428168	0.7825092311745058
P2_17	-0.44982550795363924	0.08627822032520793
P2_18	-0.1976869453491294	0.7222450903143572
P2_19	-0.24388060273879222	0.6523212369844401
P2_20	1.384512850012845	0.9874648035410304
P2_21	-0.2920843968460689	0.3981629748162383
P2_22	-0.87454290149815	0.6333301718162264
P2_23	0.06464187001035228	0.706001699596701
P3_00	0.21713050229927267	0.8347297820370938
P3_01	-0.2995919487599573	0.9915542113627704
P3_02	0.8657759398421762	0.9591856176809959
P3_03	0.6437630169400531	0.7691170361965645
P3_04	-1.3939773479226563	0.11836632332595698
P3_05	0.8383564659410345	0.8616937540752538
P3_06	-0.4734203361855828	0.8728946541964606
P3_07	-0.4545754281178806	0.9584882398112604
P3_08	-0.6984923923865204	0.7832972398772979
P3_09	0.108571987363002	0.8891542476716298
P3_10	0.14812480290840854	0.46522380225837956
P3_11	-0.6463954365832448	0.8232205821732658
P3_12	0.017407649542799386	0.5833160410244475
P3_13	-0.11959810900771173	0.34887041288909315
P3_14	-0.8246103908935101	0.37224222956421804
P3_15	-0.1234318763509478	0.8884577407953982
P3_16	0.8231393434516102	0.3646230592432044
P3_17	0.9172898273302901	0.479516324039743
P3_18	0.31410253088746415	0.6918836068178756
P3_19	-0.012362821474877432	0.9341115381104627
P3_20	0.0013562496302629492	0.23559583505804693
P3_21	-0.3925806032899017	0.506502073529981
P3_22	0.26838302191809954	0.24176708160816296
P3_23	-0.07541061731697832	0.8878235784358282
P4_00	0.3862934242885388	0.16385187626730024
P4_01	0.32049102963096443	0.0962533823699614
P4_02	-0.8572830880151744	0.12695610502607857
P4_03	-0.26270081480618007	0.8436044238000426
P4_04	-0.5180009793590994	0.07286651813682354
P4_05	0.13960665437564995	0.08869522355882875
P4_06	0.29258340008683914	0.7069916676122305
P4_07	0.38696351601696144	0.2204033935324321
P4_08	0.6577671209520138	0.29168138359882123
P4_09	-0.10878966453383995	0.4729551607702964
P4_10	-0.03398130573153819	0.8800294234302728
P4_11	0.14580198443856862	0.3440168775226279
P4_12	0.17158268989497438	0.09360086955005198
P4_13	-0.0900039666264152	0.4492728794111175
P4_14	-0.3241949168057154	0.36815681134179923
P4_15	0.623088059588274	0.8555411719626581
P4_16	-1.2095428405905442	0.5273722778036759
P4_17	-0.8513592510544866	0.17083856994139135
P4_18	-0.3847190622283141	0.2651092361230988
P4_19	0.19609275749230112	0.3826556722086969
P4_20	-0.22266142551313828	0.08038945521162444
P4_21	1.0834904390882394	0.05847827475905509
P4_22	0.167164144266914	0.3444431055951902
P4_23	-0.060557102095878515	0.40813546824044444
